,ID,Category,Name,Source,p.value,q.value.Bonferroni,q.value.FDR.B.H,q.value.FDR.B.Y,Hit.Count.in.Query.List,Hit.Count.in.Genome,Hit.in.Query.List
224,C0036341,Disease,Schizophrenia,DisGeNET Curated,6.386E-15,2.713E-11,2.713E-11,2.423E-10,74,1561,"Myt1l,Gabrb2,Kctd12,Sox10,Gad1,Reln,Psd,B2m,Mbp,Cplx2,Srebf1,Elovl5,Ccnd1,Fabp7,Slc38a1,Nrxn3,Eml5,Cdc42se2,Kcnb1,Nrxn2,Ifitm3,Arhgef7,Scd,Kcnj10,Glul,Plcb1,Syn1,Slc17a7,Dlx1,Fgfr1,Aldh1a1,Plp1,Cnp,Npy,Psat1,Vsnl1,Nrgn,Kalrn,Camk2b,Apc,Grb2,Gria3,Dgkz,Bcan,Grik5,Cav1,Apod,Apoe,Grm1,Grm5,Aqp4,Lpar1,Rgs12,Cck,Ccnd2,Gstm1,Lifr,Slc6a11,Th,Cldn11,Camkk2,Igf1,Fads1,Cd9,Sh3pxd2a,Cspg5,Aspa,Prkca,Cldn5,Marcks,Arhgap33,Gabra1,Gabra5,Rasd2"
262,C0005586,Disease,Bipolar Disorder,DisGeNET Curated,1.537E-09,6.532E-06,1.633E-06,1.459E-05,39,730,"Gabrb2,Kctd12,Gad1,Reln,Psd,Cplx2,Adcy2,Fabp7,S100a10,Arhgef7,Plcb1,Slc17a7,Dlx1,Fgfr1,Cacnb3,Vtn,Atf5,Dpp10,Nrgn,Camk2a,Gria3,Grik5,Cav1,Cav2,Apod,Apoe,Grm5,S1pr1,Cck,Gstm1,Th,Camkk2,Igf1,Igfbp2,Atp1a1,Atp1a2,Marcks,Gabra1,Gabra5"
263,C0002395,Disease,Alzheimer's Disease,DisGeNET Curated,2.052E-09,8.717E-06,1.743E-06,1.557E-05,69,1825,"Pcp4,Cdkn1b,Atp5mc1,Gad1,Reln,Cebpd,Psd,Map1a,Mbp,Penk,Cplx2,Psmd2,Ccnd1,Hmgcs2,Slc7a11,Adcy2,Tmeff2,Eomes,Tyro3,Serpine2,Kcnb1,Arhgef7,Nfib,Scd,Ugcg,Glul,Syn1,Slc17a7,Sema6a,Aldh1a1,Rab3a,Cnp,Npy,Vim,Vsnl1,Rbfox3,Nrgn,Camk4,Camk2a,Atcay,Sh3gl2,Apc,Grb2,Efhd2,Lamp2,Bcan,Cpe,Sybu,Cav1,Apod,Apoe,Grm5,Aqp4,Omp,Cck,Gstm1,Cryab,Lifr,Th,Igf1,Igfbp5,Igfbp7,Timp3,Hey2,Prkar1b,Prkcb,Cldn5,Snca,Marcks"
225,C0004114,Disease,Astrocytoma,DisGeNET Curated,1.23E-08,5.224E-05,8.707E-06,7.777E-05,37,721,"Cdkn1b,Sox10,Sox11,Sparc,B2m,Mbp,Ccnd1,Wls,Fabp7,Ptn,Serpine2,Arhgef7,Pik3r1,Sema6a,Fgfr1,Plp1,Cnp,Npy,Vim,Vtn,Rasa1,Sept4,Rgcc,Apc,Cav1,Apod,Apoe,Grm5,Aqp4,Cck,Gstm1,Igf1,Igfbp2,Hey2,Prkca,Ctnna1,Mxi1"
226,C0014544,Disease,Epilepsy,DisGeNET Curated,1.446E-08,6.143E-05,8.776E-06,7.838E-05,44,962,"Gabrb2,Sox10,Sox11,Gad1,Reln,Hmgb1,Hmgcs2,Phgdh,Fabp7,S100a10,Kcna2,Kcnb1,Scn1b,Kcnj10,Scn3a,Glul,Plcb1,Syn1,Slc17a7,Dlx1,Dlx2,Fgf13,Sparcl1,Sema6a,Fgfr1,Aldh5a1,Cnn3,Npy,Col1a1,Vim,Psat1,Cacnb4,Rbfox3,Gria3,Slc35f1,Apoe,Grm1,Ski,Aqp4,Ccnd2,Aspa,Atp1a2,Gabra1,Sez6"
227,C0001973,Disease,"Alcoholic Intoxication, Chronic",DisGeNET Curated,2.364E-08,0.0001004,1.255E-05,0.0001121,26,402,"Gabrb2,Gad1,Mbp,Penk,Hmgb1,Nrxn3,Arhgef7,Pik3r1,Glul,Sema6a,Aldh1a1,Npy,Camk4,Camk2a,Dusp8,Apoe,Grm1,Grm5,Cck,Gstm1,Th,Igfbp7,Hey2,Snca,Gabra1,Gabra5"
264,C1269683,Disease,Major Depressive Disorder,DisGeNET Curated,1.739E-07,0.0007389,6.157E-05,0.00055,28,505,"Myt1l,Gad1,Reln,Elovl5,Ccnd1,S100a10,Scd,Glul,Plcb1,Slc17a7,Fgf13,Fgfr1,Plp1,Cnp,Npy,Rbfox3,Nrgn,Kalrn,Camk2a,Apoe,Grm5,Th,Fads1,Arrb1,Igfbp2,Cd9,Prkcb,Nrsn1"
265,C0700095,Disease,Central neuroblastoma,DisGeNET BeFree,1.922E-07,0.0008165,6.281E-05,0.000561,59,1631,"Cdkn1b,Reln,Sparc,Ramp1,Kif1a,B2m,Penk,Hmgb1,Ccnd1,Wls,Adcy2,Fabp7,Ptn,Serpine2,Ptprd,Arhgef7,Nfib,Pik3r1,Syn1,Fgf13,Sema6a,Fgfr1,Rab40b,Kif5b,Npy,Vim,Vtn,Nrgn,Camk2b,Apc,Grb2,Id3,Cav1,Cav2,Apod,Apoe,Grm1,Grm5,Serpinh1,Lpar1,Cck,Ccnd2,Gstm1,Lifr,Th,Camkk2,Bcl11b,Igf1,Igfbp2,Igfbp5,Cd9,Igfbp7,Slc16a1,Aspa,Prkca,Snca,Epas1,Marcks,Mxi1"
266,C0027819,Disease,Neuroblastoma,DisGeNET Curated,2.762E-07,0.001174,8.383E-05,0.0007488,60,1689,"Cdkn1b,Reln,Sparc,Ramp1,Kif1a,B2m,Penk,Hmgb1,Ccnd1,Wls,Adcy2,Fabp7,Ptn,Serpine2,Ptprd,Arhgef7,Nfib,Pik3r1,Syn1,Fgf13,Sema6a,Fgfr1,Rab40b,Kif5b,Npy,Vim,Vtn,Atf5,Nrgn,Camk2b,Apc,Grb2,Id3,Cav1,Cav2,Apod,Apoe,Grm1,Grm5,Serpinh1,Lpar1,Cck,Ccnd2,Gstm1,Lifr,Th,Camkk2,Bcl11b,Igf1,Igfbp2,Igfbp5,Cd9,Igfbp7,Slc16a1,Aspa,Prkca,Snca,Epas1,Marcks,Mxi1"
267,C0041696,Disease,Unipolar Depression,DisGeNET Curated,7.386E-07,0.003138,0.0002092,0.001869,24,418,"Myt1l,Gad1,Reln,Ccnd1,S100a10,Glul,Plcb1,Fgf13,Fgfr1,Cnp,Npy,Rbfox3,Nrgn,Kalrn,Camk2a,Apoe,Grm1,Grm5,Th,Arrb1,Igfbp2,Cd9,Prkcb,Nrsn1"
268,C0033975,Disease,Psychotic Disorders,DisGeNET Curated,1.133E-06,0.004813,0.0003008,0.002687,20,311,"Gabrb2,Gad1,Reln,Cplx2,Arhgef7,Glul,Dlx1,Sema6a,Aldh5a1,Cnp,Npy,Nrgn,Apoe,Grm5,Igfbp2,Cd9,Prkca,Nrsn1,Snca,Gabra1"
269,C0525045,Disease,Mood Disorders,DisGeNET Curated,4.904E-06,0.02084,0.0009059,0.008091,19,313,"Gabrb2,Kctd12,Gad1,Reln,Dctn1,S100a10,Arhgef7,Pik3r1,Glul,Plcb1,Npy,Vtn,Apoe,Th,Igfbp2,Cd9,Nrsn1,Gabra1,Gabra5"
228,C0014556,Disease,"Epilepsy, Temporal Lobe",DisGeNET Curated,5.286E-06,0.02246,0.0009359,0.008359,12,132,"Reln,Hmgb1,Scn1b,Kcnj10,Glul,Npy,Apoe,Grm1,Grm5,Aqp4,Slc16a1,Gabra1"
270,C0020179,Disease,Huntington Disease,DisGeNET Curated,5.883E-06,0.025,0.0009702,0.008665,28,604,"Pcp4,Cdkn1b,Penk,Cplx2,Nrep,Phgdh,Metrn,Acsbg1,Syn1,Fgf13,Sema6a,Npy,Dpp6,Psat1,Rbfox3,Pacsin1,Sorbs1,Grik5,Cav1,Apoe,Grm5,Th,Bcl11b,Igf1,Enho,Prkca,Snca,Rasd2"
229,C1621958,Disease,Glioblastoma Multiforme,DisGeNET Curated,1.094E-05,0.04649,0.00155,0.01384,32,767,"Myt1l,Sox11,Sparc,Hmgb1,Ccnd1,Fabp7,Tyro3,Ptprd,Pik3r1,Glul,Dlx2,Sema6a,Fgfr1,Aldh1a1,Cnp,Vim,Vsnl1,Vtn,Nrgn,Rgcc,Aqp4,Lpar1,Gstm1,Igf1,Igfbp2,Igfbp7,Slc16a1,Frzb,Prkca,Epas1,Marcks,Mxi1"
230,C0334579,Disease,Anaplastic astrocytoma,DisGeNET Curated,1.387E-05,0.05894,0.001901,0.01698,12,145,"Abr,Ccnd1,Wls,Vim,Vtn,Grb2,Cav1,Apod,Ccnd2,Cryab,Igfbp2,Igfbp5"
231,C0555198,Disease,Malignant Glioma,DisGeNET BeFree,1.466E-05,0.06228,0.001946,0.01738,22,432,"Cdkn1b,Sox11,Sparc,Mbp,Ccnd1,Nr4a1,Nrep,Slc7a11,Fabp7,Tax1bp3,Arhgef7,Pik3r1,Slc38a3,Vim,Vtn,Atf5,Bcan,Ccnd2,Igf1,Igfbp2,Epas1,Mxi1"
271,C0004352,Disease,Autistic Disorder,DisGeNET Curated,1.916E-05,0.08142,0.002326,0.02078,28,644,"Gabrb2,Gad1,Reln,Psd,Mbp,Gatm,Nrxn3,Scn3a,Glul,Syn1,Cacna1g,Dlx1,Dlx2,Rab3a,Plp1,Aldh5a1,Prex1,Agap1,Apc,Apoe,Ski,Grm5,Aqp4,Gstm1,Igf1,Prkcb,Gabra1,Gabra5"
232,C0241210,Disease,Speech Delay,DisGeNET Curated,2.226E-05,0.09457,0.002627,0.02346,11,128,"Myt1l,Sparc,Psd,Gatm,Pik3r1,Kcnj10,Fgfr1,Plp1,Aldh5a1,Th,Aspa"
272,C0003469,Disease,Anxiety Disorders,DisGeNET Curated,2.437E-05,0.1036,0.002799,0.025,20,382,"Gad1,Penk,Ccnd1,Fabp7,Eomes,Slc38a1,S100a10,Syn1,Aldh1a1,Npy,Psat1,Rbfox3,Apc,Apoe,Grm5,Cck,Gstm1,Camkk2,Igf1,Igfbp2"
273,C0011570,Disease,Mental Depression,DisGeNET Curated,2.964E-05,0.126,0.00323,0.02885,25,554,"Gad1,Reln,Penk,Cplx2,Fabp7,S100a10,Glul,Syn1,Fgf13,Fgfr1,Cnp,Npy,Camk2a,Gria3,Apoe,Grm1,Grm5,Aqp4,Gstm1,Th,Igf1,Arrb1,Prkcb,Snca,Marcks"
233,C0025149,Disease,Medulloblastoma,DisGeNET Curated,3.337E-05,0.1418,0.003349,0.02991,25,558,"Dab2ip,Cdkn1b,Sox11,Sparc,Abr,Fstl5,Hmgb1,Ccnd1,Nr4a1,Wls,S100a10,Vim,Atf5,Apc,Grb2,Ccnd2,Gstm1,Lifr,Igf1,Igfbp2,Timp3,Slc16a1,Frzb,Mxi1,Gabra5"
274,C0233514,Disease,Abnormal behavior,DisGeNET Curated,4.213E-05,0.179,0.003978,0.03553,19,365,"Reln,Psd,Slc6a17,Dctn1,Arhgef7,Scn1b,Syn1,Sema6a,Baiap2,Aldh5a1,Col1a1,Gria3,Apod,Apoe,Grm5,Cck,Th,Prkca,Gabra1"
237,C0023012,Disease,Language Delay,DisGeNET Curated,5.113E-05,0.2173,0.004434,0.0396,10,116,"Myt1l,Sparc,Gatm,Pik3r1,Kcnj10,Fgfr1,Plp1,Aldh5a1,Th,Aspa"
236,C0454644,Disease,Delayed speech and language development,DisGeNET Curated,5.113E-05,0.2173,0.004434,0.0396,10,116,"Myt1l,Sparc,Gatm,Pik3r1,Kcnj10,Fgfr1,Plp1,Aldh5a1,Th,Aspa"
235,C0233715,Disease,Speech impairment,DisGeNET Curated,5.113E-05,0.2173,0.004434,0.0396,10,116,"Myt1l,Sparc,Gatm,Pik3r1,Kcnj10,Fgfr1,Plp1,Aldh5a1,Th,Aspa"
234,C0036572,Disease,Seizures,DisGeNET Curated,4.874E-05,0.2071,0.004434,0.0396,36,982,"Sox10,Sox11,Gad1,Reln,Hmgb1,Ccnd1,Hmgcs2,Phgdh,Kcna2,Arhgef7,Scn1b,Kcnj10,Scn3a,Glul,Syn1,Slc17a7,Fgf13,Fgfr1,Baiap2,Gng3,Aldh5a1,Npy,Psat1,Rbfox3,Gria3,Apoe,Ski,Grm5,Aqp4,Cck,Ccnd2,Aspa,Prkca,Atp1a2,Gabra1,Gabra5"
238,C0014553,Disease,Absence Epilepsy,DisGeNET Curated,7.484E-05,0.318,0.006125,0.05471,7,57,"Scn1b,Kcnj10,Cacna1g,Aldh5a1,Rcn2,Gabra1,Gabra5"
239,C0236663,Disease,Alcohol withdrawal syndrome,DisGeNET Curated,7.886E-05,0.3351,0.006323,0.05647,6,40,"Gad1,Glul,Npy,Apoe,Cck,Gstm1"
275,C0004936,Disease,Mental disorders,DisGeNET Curated,8.651E-05,0.3676,0.006564,0.05863,17,321,"Gabrb2,Gad1,Reln,Psd,S100a10,Arhgef7,Sema6a,Baiap2,Cnp,Npy,Nrgn,Atcay,Apod,Apoe,Grm5,Cck,Prkca"
240,C0085762,Disease,Alcohol abuse,DisGeNET Curated,8.524E-05,0.3622,0.006564,0.05863,8,78,"Ccnd1,Aldh1a1,Npy,Apoe,Cck,Igf1,Snca,Gabra1"
276,C0027765,Disease,nervous system disorder,DisGeNET Curated,0.0001006,0.4277,0.007248,0.06474,20,423,"Sox10,Gad1,Reln,Cebpd,Penk,Cplx2,Hmgb1,Dctn1,Fabp7,Metrn,Glul,Plp1,Atcay,Id3,Apod,Apoe,Aqp4,Aspa,Atp1a2,Snca"
277,C1854885,Disease,Dysmyelination of the brain,DisGeNET Curated,0.0001147,0.4873,0.007988,0.07135,3,6,"Sox10,Phgdh,Plp1"
278,C0752347,Disease,Lewy Body Disease,DisGeNET Curated,0.0001253,0.5323,0.008317,0.07429,10,129,"Map1a,Penk,Camk2a,Lamp2,Apoe,Grm5,Aqp4,Th,Igf1,Snca"
279,C0003467,Disease,Anxiety,DisGeNET Curated,0.0001336,0.5679,0.008736,0.07803,20,432,"Gad1,Penk,Ccnd1,Dctn1,Fabp7,Slc38a1,S100a10,Syn1,Fgfr1,Aldh1a1,Aldh5a1,Npy,Rbfox3,Apc,Apoe,Cck,Gstm1,Camkk2,Igf1,Nsmf"
241,C1510586,Disease,Autism Spectrum Disorders,DisGeNET Curated,0.0001512,0.6423,0.009586,0.08562,20,436,"Gad1,Reln,Psd,Fabp7,Nrxn3,Nrxn2,Nfib,Kcnj10,Plcb1,Syn1,Cacna1g,Dlx1,Dlx2,Baiap2,Dpp6,Dpp10,Camk4,Apc,Grm5,Prkcb"
21,GO:0099536,GO: Biological Process,synaptic signaling, ,6.597E-26,3.161E-22,2.524E-22,2.285E-21,61,687,"Gabrb2,Nat8l,Gad1,Reln,Lin7c,Mbp,Penk,Cplx2,Ncdn,Ptn,Serpine2,Nrxn3,Ptprd,Kcnb1,Nrxn2,Sv2b,Scn1b,Kcnj10,Glul,Plcb1,Syn1,Slc17a7,Cacna1g,Kif5b,Baiap2,Rab3a,Rab3b,Plp1,Cnp,Npy,Vdac3,Cacnb3,Cacnb4,Nrgn,Kalrn,Camk4,Camk2a,Camk2b,Ppfia2,Ppfia1,Cnih2,Gria3,Bcan,Grik5,Cav2,Apoe,Grm1,Grm5,Pip5k1c,Omp,Slc6a11,Th,Ppp3ca,Nsmf,Cspg5,Atp1a2,Snca,Gabra1,Sez6,Gabra5,Rasd2"
22,GO:0007268,GO: Biological Process,chemical synaptic transmission, ,2.107E-25,1.01E-21,2.524E-22,2.285E-21,60,678,"Gabrb2,Nat8l,Gad1,Reln,Lin7c,Mbp,Penk,Cplx2,Ncdn,Ptn,Serpine2,Nrxn3,Ptprd,Kcnb1,Nrxn2,Sv2b,Scn1b,Kcnj10,Glul,Syn1,Slc17a7,Cacna1g,Kif5b,Baiap2,Rab3a,Rab3b,Plp1,Cnp,Npy,Vdac3,Cacnb3,Cacnb4,Nrgn,Kalrn,Camk4,Camk2a,Camk2b,Ppfia2,Ppfia1,Cnih2,Gria3,Bcan,Grik5,Cav2,Apoe,Grm1,Grm5,Pip5k1c,Omp,Slc6a11,Th,Ppp3ca,Nsmf,Cspg5,Atp1a2,Snca,Gabra1,Sez6,Gabra5,Rasd2"
23,GO:0098916,GO: Biological Process,anterograde trans-synaptic signaling, ,2.107E-25,1.01E-21,2.524E-22,2.285E-21,60,678,"Gabrb2,Nat8l,Gad1,Reln,Lin7c,Mbp,Penk,Cplx2,Ncdn,Ptn,Serpine2,Nrxn3,Ptprd,Kcnb1,Nrxn2,Sv2b,Scn1b,Kcnj10,Glul,Syn1,Slc17a7,Cacna1g,Kif5b,Baiap2,Rab3a,Rab3b,Plp1,Cnp,Npy,Vdac3,Cacnb3,Cacnb4,Nrgn,Kalrn,Camk4,Camk2a,Camk2b,Ppfia2,Ppfia1,Cnih2,Gria3,Bcan,Grik5,Cav2,Apoe,Grm1,Grm5,Pip5k1c,Omp,Slc6a11,Th,Ppp3ca,Nsmf,Cspg5,Atp1a2,Snca,Gabra1,Sez6,Gabra5,Rasd2"
24,GO:0099537,GO: Biological Process,trans-synaptic signaling, ,2.107E-25,1.01E-21,2.524E-22,2.285E-21,60,678,"Gabrb2,Nat8l,Gad1,Reln,Lin7c,Mbp,Penk,Cplx2,Ncdn,Ptn,Serpine2,Nrxn3,Ptprd,Kcnb1,Nrxn2,Sv2b,Scn1b,Kcnj10,Glul,Syn1,Slc17a7,Cacna1g,Kif5b,Baiap2,Rab3a,Rab3b,Plp1,Cnp,Npy,Vdac3,Cacnb3,Cacnb4,Nrgn,Kalrn,Camk4,Camk2a,Camk2b,Ppfia2,Ppfia1,Cnih2,Gria3,Bcan,Grik5,Cav2,Apoe,Grm1,Grm5,Pip5k1c,Omp,Slc6a11,Th,Ppp3ca,Nsmf,Cspg5,Atp1a2,Snca,Gabra1,Sez6,Gabra5,Rasd2"
25,GO:0022008,GO: Biological Process,neurogenesis, ,1.026E-19,4.915E-16,8.192E-17,7.416E-16,84,1628,"Dab2ip,Pcp4,Gabrb2,Sox10,Sox11,Reln,Snx3,Abl2,Psd,B2m,Mbp,Penk,Dpysl5,Gpr37l1,Hmgb1,Tubb2b,Gprin1,Nrep,Ncdn,Phgdh,Fabp7,Eomes,Ptn,Serpine2,Nrxn3,Ptprd,Metrn,Ptpro,Arhgef7,Nfib,Scn1b,Kcnj10,Dlx1,Dlx2,Fgf13,Sema6a,Dclk2,Fgfr1,Kif5b,Baiap2,Rab3a,Plp1,Prex1,Cnp,Npy,Vim,Rap1gap,Vtn,Atf5,Kalrn,Pacsin1,Camk2a,Camk2b,Atcay,Apc,Grb2,Id3,Cav1,Apod,Apoe,Ski,Grm5,Pip5k1c,S1pr1,Lpar1,Omp,Nr2f2,Cck,Lifr,Th,Ablim1,Bcl11b,Igf1,Ppp3ca,Nsmf,Cd9,Aspa,Dnm3,Hey2,Prkca,Ctnna1,Marcks,Sez6,Gabra5"
26,GO:0007417,GO: Biological Process,central nervous system development, ,3.368E-18,1.614E-14,2.305E-15,2.087E-14,62,1002,"Dab2ip,Pcp4,Sox10,Trnp1,Sox11,Reln,Cttnbp2,Abl2,Abr,Slc6a17,Mbp,Gpr37l1,Hmgcs2,Wls,Slc7a11,Phgdh,Fabp7,Eomes,Ptn,Tyro3,Serpine2,Nfib,Scn1b,Kcnj10,Plcb1,Slc17a7,Dlx1,Dlx2,Fgf13,Dclk2,Fgfr1,Plp1,Aldh5a1,Slc38a3,Hpcal4,Cnp,Npy,Vim,Vtn,Atf5,Nrgn,Sept4,Sh3gl2,Id3,Bcan,Apod,Ski,S1pr1,Lpar1,Nr2f2,Slc6a11,Th,Bcl11b,Igf1,Cd9,Timp3,Aspa,Prkca,Atp2b4,Marcks,Sez6,Gabra5"
27,GO:0048699,GO: Biological Process,generation of neurons, ,7.181E-17,3.441E-13,4.301E-14,3.893E-13,76,1528,"Dab2ip,Pcp4,Gabrb2,Sox10,Sox11,Reln,Snx3,Abl2,Psd,B2m,Mbp,Dpysl5,Gpr37l1,Hmgb1,Tubb2b,Gprin1,Nrep,Ncdn,Phgdh,Eomes,Ptn,Serpine2,Nrxn3,Ptprd,Metrn,Ptpro,Nfib,Scn1b,Dlx1,Dlx2,Fgf13,Sema6a,Dclk2,Fgfr1,Kif5b,Baiap2,Rab3a,Plp1,Prex1,Cnp,Npy,Vim,Rap1gap,Atf5,Kalrn,Pacsin1,Camk2a,Camk2b,Atcay,Apc,Grb2,Id3,Cav1,Apod,Apoe,Ski,Grm5,Pip5k1c,S1pr1,Lpar1,Nr2f2,Cck,Lifr,Th,Ablim1,Bcl11b,Ppp3ca,Nsmf,Aspa,Dnm3,Hey2,Prkca,Ctnna1,Marcks,Sez6,Gabra5"
28,GO:0030182,GO: Biological Process,neuron differentiation, ,1.155E-15,5.534E-12,6.148E-13,5.566E-12,70,1398,"Dab2ip,Pcp4,Gabrb2,Sox11,Reln,Snx3,Abl2,Psd,B2m,Mbp,Dpysl5,Gpr37l1,Hmgb1,Gprin1,Nrep,Ncdn,Phgdh,Eomes,Ptn,Serpine2,Nrxn3,Ptprd,Metrn,Ptpro,Nfib,Scn1b,Dlx1,Dlx2,Fgf13,Sema6a,Dclk2,Fgfr1,Kif5b,Baiap2,Rab3a,Plp1,Prex1,Cnp,Npy,Vim,Rap1gap,Atf5,Kalrn,Pacsin1,Camk2a,Camk2b,Atcay,Apc,Grb2,Id3,Cav1,Apod,Apoe,Pip5k1c,S1pr1,Lpar1,Cck,Lifr,Th,Ablim1,Bcl11b,Ppp3ca,Nsmf,Dnm3,Hey2,Prkca,Ctnna1,Marcks,Sez6,Gabra5"
29,GO:0060322,GO: Biological Process,head development, ,1.659E-15,7.95E-12,7.227E-13,6.542E-12,51,802,"Dab2ip,Trnp1,Reln,Cttnbp2,Abl2,Abr,Slc6a17,Mbp,Gpr37l1,Hmgcs2,Wls,Slc7a11,Phgdh,Fabp7,Eomes,Ptn,Tyro3,Serpine2,Nfib,Plcb1,Slc17a7,Dlx1,Dlx2,Fgf13,Dclk2,Fgfr1,Plp1,Slc38a3,Cnp,Npy,Col1a1,Atf5,Nrgn,Sept4,Bcan,Apod,Ski,S1pr1,Lpar1,Nr2f2,Slc6a11,Th,Bcl11b,Igf1,Cd9,Plekha1,Cldn5,Atp2b4,Marcks,Sez6,Gabra5"
30,GO:0007420,GO: Biological Process,brain development, ,1.258E-14,6.028E-11,5.024E-12,4.547E-11,48,755,"Dab2ip,Trnp1,Reln,Cttnbp2,Abl2,Abr,Slc6a17,Mbp,Gpr37l1,Hmgcs2,Wls,Slc7a11,Phgdh,Fabp7,Eomes,Ptn,Tyro3,Serpine2,Nfib,Plcb1,Slc17a7,Dlx1,Dlx2,Fgf13,Dclk2,Fgfr1,Plp1,Slc38a3,Cnp,Npy,Atf5,Nrgn,Sept4,Bcan,Apod,Ski,S1pr1,Lpar1,Nr2f2,Slc6a11,Th,Bcl11b,Igf1,Cd9,Atp2b4,Marcks,Sez6,Gabra5"
32,GO:0048666,GO: Biological Process,neuron development, ,2.802E-14,1.343E-10,9.59E-12,8.681E-11,59,1114,"Dab2ip,Pcp4,Gabrb2,Reln,Snx3,Abl2,B2m,Mbp,Dpysl5,Hmgb1,Gprin1,Nrep,Ncdn,Phgdh,Ptn,Serpine2,Nrxn3,Ptprd,Metrn,Ptpro,Nfib,Scn1b,Fgf13,Sema6a,Dclk2,Fgfr1,Kif5b,Baiap2,Rab3a,Plp1,Prex1,Cnp,Npy,Vim,Atf5,Kalrn,Pacsin1,Camk2a,Camk2b,Atcay,Apc,Grb2,Apod,Apoe,Pip5k1c,Lpar1,Cck,Lifr,Th,Ablim1,Bcl11b,Ppp3ca,Nsmf,Dnm3,Prkca,Ctnna1,Marcks,Sez6,Gabra5"
31,GO:0031175,GO: Biological Process,neuron projection development, ,2.72E-14,1.303E-10,9.59E-12,8.681E-11,54,953,"Dab2ip,Pcp4,Reln,Snx3,Abl2,B2m,Mbp,Dpysl5,Hmgb1,Gprin1,Nrep,Ncdn,Phgdh,Ptn,Serpine2,Nrxn3,Ptprd,Metrn,Ptpro,Nfib,Scn1b,Fgf13,Sema6a,Fgfr1,Kif5b,Baiap2,Rab3a,Plp1,Prex1,Cnp,Npy,Vim,Kalrn,Pacsin1,Camk2a,Camk2b,Atcay,Apc,Grb2,Apod,Apoe,Pip5k1c,Lpar1,Cck,Lifr,Ablim1,Bcl11b,Ppp3ca,Nsmf,Dnm3,Prkca,Ctnna1,Marcks,Sez6"
33,GO:0007270,GO: Biological Process,neuron-neuron synaptic transmission, ,4.221E-13,2.023E-09,1.264E-10,1.144E-09,21,154,"Gabrb2,Nat8l,Reln,Serpine2,Glul,Slc17a7,Kif5b,Rab3b,Vdac3,Cacnb4,Kalrn,Camk4,Cnih2,Grik5,Grm1,Grm5,Th,Atp1a2,Snca,Gabra1,Rasd2"
34,GO:0006836,GO: Biological Process,neurotransmitter transport, ,5.578E-13,2.673E-09,1.572E-10,1.423E-09,24,212,"Nat8l,Gad1,Lin7c,Slc6a17,Cplx2,Slc38a1,Nrxn3,Nrxn2,Sv2b,Kcnj10,Glul,Syn1,Slc17a7,Rab3a,Rab3b,Camk2a,Ppfia2,Ppfia1,Grik5,Pip5k1c,Slc6a11,Th,Atp1a2,Snca"
35,GO:0051960,GO: Biological Process,regulation of nervous system development, ,9.985E-13,4.785E-09,2.62E-10,2.372E-09,49,881,"Dab2ip,Pcp4,Sox10,Sox11,Reln,Snx3,Abl2,B2m,Mbp,Gpr37l1,Nrep,Eomes,Ptn,Serpine2,Nrxn3,Ptprd,Metrn,Ptpro,Scn1b,Dlx1,Dlx2,Fgf13,Sema6a,Fgfr1,Baiap2,Prex1,Vim,Rap1gap,Atf5,Kalrn,Pacsin1,Camk2b,Cpe,Cav1,Apoe,Ski,Grm5,Lpar1,Bcl11b,Igf1,Ppp3ca,Nsmf,Aspa,Dnm3,Hey2,Prkca,Ctnna1,Marcks,Sez6"
36,GO:0050767,GO: Biological Process,regulation of neurogenesis, ,3.249E-12,1.557E-08,6.769E-10,6.128E-09,45,784,"Dab2ip,Pcp4,Sox10,Sox11,Reln,Snx3,Abl2,B2m,Mbp,Gpr37l1,Nrep,Eomes,Ptn,Serpine2,Ptprd,Metrn,Ptpro,Scn1b,Dlx1,Dlx2,Fgf13,Sema6a,Fgfr1,Baiap2,Prex1,Vim,Rap1gap,Atf5,Kalrn,Pacsin1,Camk2b,Cav1,Apoe,Ski,Grm5,Lpar1,Bcl11b,Ppp3ca,Nsmf,Aspa,Dnm3,Hey2,Ctnna1,Marcks,Sez6"
37,GO:0042063,GO: Biological Process,gliogenesis, ,5.458E-12,2.616E-08,1.09E-09,9.865E-09,26,279,"Dab2ip,Sox10,Sox11,Reln,Abl2,Penk,Gpr37l1,Phgdh,Ptn,Serpine2,Metrn,Arhgef7,Nfib,Kcnj10,Dlx1,Dlx2,Plp1,Cnp,Vim,Vtn,Atf5,Ski,Lpar1,Igf1,Cd9,Aspa"
38,GO:0050804,GO: Biological Process,modulation of chemical synaptic transmission, ,9.531E-12,4.567E-08,1.757E-09,1.59E-08,29,357,"Nat8l,Reln,Cplx2,Ncdn,Ptn,Serpine2,Kcnb1,Kcnj10,Glul,Syn1,Kif5b,Baiap2,Rab3a,Rab3b,Nrgn,Kalrn,Camk2a,Camk2b,Cnih2,Bcan,Grik5,Apoe,Grm1,Grm5,Ppp3ca,Nsmf,Cspg5,Atp1a2,Snca"
39,GO:0010001,GO: Biological Process,glial cell differentiation, ,2.501E-11,1.199E-07,4.439E-09,4.019E-08,22,210,"Sox10,Sox11,Reln,Abl2,Gpr37l1,Phgdh,Serpine2,Metrn,Nfib,Kcnj10,Dlx1,Dlx2,Plp1,Cnp,Vim,Vtn,Atf5,Ski,Lpar1,Igf1,Cd9,Aspa"
40,GO:0001505,GO: Biological Process,regulation of neurotransmitter levels, ,3.633E-11,1.741E-07,6.002E-09,5.433E-08,22,214,"Nat8l,Gad1,Lin7c,Cplx2,Slc38a1,Nrxn3,Nrxn2,Kcnj10,Glul,Syn1,Slc17a7,Rab3a,Rab3b,Aldh5a1,Camk2a,Ppfia2,Ppfia1,Grik5,Pip5k1c,Th,Atp1a2,Snca"
41,GO:0045664,GO: Biological Process,regulation of neuron differentiation, ,5.094E-10,2.441E-06,6.259E-08,5.666E-07,37,655,"Dab2ip,Pcp4,Sox11,Reln,Snx3,Abl2,B2m,Mbp,Gpr37l1,Nrep,Eomes,Ptn,Serpine2,Ptprd,Metrn,Ptpro,Scn1b,Fgf13,Sema6a,Fgfr1,Baiap2,Prex1,Vim,Rap1gap,Kalrn,Pacsin1,Camk2b,Cav1,Apoe,Lpar1,Bcl11b,Ppp3ca,Nsmf,Dnm3,Hey2,Marcks,Sez6"
42,GO:0048812,GO: Biological Process,neuron projection morphogenesis, ,2.394E-09,1.147E-05,2.295E-07,2.077E-06,35,630,"Dab2ip,Reln,Abl2,Mbp,Dpysl5,Nrxn3,Ptprd,Metrn,Ptpro,Nfib,Scn1b,Fgf13,Sema6a,Kif5b,Baiap2,Rab3a,Cnp,Vim,Kalrn,Pacsin1,Camk2a,Camk2b,Apc,Grb2,Apoe,Pip5k1c,Cck,Lifr,Ablim1,Bcl11b,Ppp3ca,Nsmf,Dnm3,Prkca,Marcks"
43,GO:0042391,GO: Biological Process,regulation of membrane potential, ,8.378E-09,4.015E-05,7.434E-07,6.73E-06,26,391,"Reln,B2m,Ptn,Jup,Kcna2,Kcnb1,Scn1b,Kcnj10,Scn3a,Slc17a7,Cacna1g,Kif5b,Dpp6,Cacnb3,Cacnb4,Cnih2,Grik5,Cav1,Cck,Kcnh3,Ppp3ca,Atp1a1,Atp1a2,Snca,Atp1b1,Sez6"
44,GO:0048167,GO: Biological Process,regulation of synaptic plasticity, ,8.905E-09,4.267E-05,7.759E-07,7.023E-06,17,169,"Reln,Cplx2,Ncdn,Ptn,Serpine2,Kcnb1,Kcnj10,Baiap2,Rab3a,Nrgn,Camk2a,Camk2b,Bcan,Apoe,Grm5,Nsmf,Snca"
45,GO:0007610,GO: Biological Process,behavior, ,1.203E-08,5.767E-05,9.774E-07,8.848E-06,35,671,"Gad1,Reln,Abl2,Penk,Ptn,Serpine2,Kcna2,Nrxn3,Nrxn2,Kcnj10,Plcb1,Slc17a7,Fgf13,Cnp,Npy,Vdac3,Cacnb4,Nrgn,Kalrn,Camk4,Grm1,Grm5,Cck,Th,Igf1,Slc16a1,Prkar1b,Prkca,Cldn5,Atp1a2,Snca,Rcan2,Sez6,Gabra5,Rasd2"
46,GO:0010975,GO: Biological Process,regulation of neuron projection development, ,1.679E-08,8.047E-05,1.277E-06,1.156E-05,29,492,"Dab2ip,Pcp4,Reln,Snx3,Abl2,B2m,Mbp,Ptn,Serpine2,Ptprd,Metrn,Ptpro,Scn1b,Fgf13,Sema6a,Fgfr1,Baiap2,Prex1,Vim,Kalrn,Pacsin1,Camk2b,Apoe,Lpar1,Ppp3ca,Nsmf,Dnm3,Marcks,Sez6"
47,GO:0007611,GO: Biological Process,learning or memory, ,1.741E-08,8.342E-05,1.303E-06,1.18E-05,21,271,"Reln,Abl2,Ptn,Nrxn3,Nrxn2,Plcb1,Slc17a7,Fgf13,Vdac3,Nrgn,Kalrn,Camk4,Grm5,Th,Igf1,Prkar1b,Prkca,Cldn5,Atp1a2,Rcan2,Gabra5"
48,GO:0048667,GO: Biological Process,cell morphogenesis involved in neuron differentiation, ,2.137E-08,0.0001024,1.528E-06,1.384E-05,32,590,"Reln,Abl2,Mbp,Dpysl5,Nrxn3,Ptprd,Metrn,Ptpro,Nfib,Scn1b,Fgf13,Sema6a,Kif5b,Baiap2,Rab3a,Cnp,Vim,Kalrn,Camk2a,Camk2b,Apc,Grb2,Apoe,Pip5k1c,Cck,Ablim1,Bcl11b,Ppp3ca,Nsmf,Dnm3,Prkca,Marcks"
49,GO:0051962,GO: Biological Process,positive regulation of nervous system development, ,2.445E-08,0.0001171,1.66E-06,1.503E-05,30,531,"Dab2ip,Pcp4,Sox10,Sox11,Reln,Snx3,Abl2,Gpr37l1,Ptn,Serpine2,Nrxn3,Ptprd,Metrn,Scn1b,Sema6a,Fgfr1,Baiap2,Vim,Kalrn,Pacsin1,Camk2b,Apoe,Grm5,Lpar1,Igf1,Nsmf,Aspa,Prkca,Marcks,Sez6"
50,GO:0051961,GO: Biological Process,negative regulation of nervous system development, ,3.647E-08,0.0001748,2.3E-06,2.082E-05,22,309,"Sox11,B2m,Mbp,Gpr37l1,Ptn,Ptpro,Dlx1,Dlx2,Fgf13,Sema6a,Vim,Rap1gap,Atf5,Cpe,Cav1,Apoe,Ski,Lpar1,Ppp3ca,Dnm3,Ctnna1,Sez6"
51,GO:0050768,GO: Biological Process,negative regulation of neurogenesis, ,4.169E-08,0.0001998,2.561E-06,2.319E-05,21,285,"Sox11,B2m,Mbp,Gpr37l1,Ptn,Ptpro,Dlx1,Dlx2,Fgf13,Sema6a,Vim,Rap1gap,Atf5,Cav1,Apoe,Ski,Lpar1,Ppp3ca,Dnm3,Ctnna1,Sez6"
52,GO:0050773,GO: Biological Process,regulation of dendrite development, ,7.294E-08,0.0003495,4.263E-06,3.858E-05,15,150,"Dab2ip,Reln,Ptprd,Baiap2,Prex1,Kalrn,Pacsin1,Camk2b,Apoe,Lpar1,Ppp3ca,Nsmf,Dnm3,Marcks,Sez6"
53,GO:0050803,GO: Biological Process,regulation of synapse structure or activity, ,9.121E-08,0.0004371,5.203E-06,4.71E-05,20,272,"Dab2ip,Reln,Cplx2,Ncdn,Ptn,Serpine2,Nrxn3,Kcnb1,Kcnj10,Baiap2,Rab3a,Nrgn,Camk2a,Camk2b,Bcan,Apoe,Grm5,Nsmf,Prkca,Snca"
54,GO:0050890,GO: Biological Process,cognition, ,1.184E-07,0.0005673,6.674E-06,6.041E-05,21,303,"Reln,Abl2,Ptn,Nrxn3,Nrxn2,Plcb1,Slc17a7,Fgf13,Vdac3,Nrgn,Kalrn,Camk4,Grm5,Th,Igf1,Prkar1b,Prkca,Cldn5,Atp1a2,Rcan2,Gabra5"
55,GO:0048168,GO: Biological Process,regulation of neuronal synaptic plasticity, ,1.266E-07,0.0006067,7.054E-06,6.386E-05,10,62,"Ncdn,Kcnj10,Rab3a,Camk2a,Camk2b,Bcan,Apoe,Grm5,Nsmf,Snca"
56,GO:0061564,GO: Biological Process,axon development, ,1.556E-07,0.0007455,8.376E-06,7.582E-05,28,514,"Reln,Mbp,Dpysl5,Nrep,Nrxn3,Metrn,Ptpro,Nfib,Scn1b,Fgf13,Sema6a,Kif5b,Baiap2,Rab3a,Plp1,Cnp,Vim,Kalrn,Apc,Grb2,Apod,Apoe,Pip5k1c,Cck,Ablim1,Bcl11b,Prkca,Ctnna1"
57,GO:0021537,GO: Biological Process,telencephalon development, ,2.117E-07,0.001014,1.103E-05,9.98E-05,19,260,"Dab2ip,Reln,Eomes,Nfib,Plcb1,Dlx1,Dlx2,Fgf13,Dclk2,Fgfr1,Npy,Atf5,Nrgn,Bcan,Ski,Lpar1,Th,Bcl11b,Atp2b4"
58,GO:0035249,GO: Biological Process,"synaptic transmission, glutamatergic", ,2.373E-07,0.001137,1.223E-05,0.0001107,11,83,"Reln,Serpine2,Glul,Slc17a7,Cacnb4,Kalrn,Cnih2,Grik5,Grm1,Grm5,Atp1a2"
60,GO:1900006,GO: Biological Process,positive regulation of dendrite development, ,2.687E-07,0.001288,1.33E-05,0.0001204,11,84,"Dab2ip,Reln,Ptprd,Baiap2,Kalrn,Pacsin1,Camk2b,Apoe,Lpar1,Marcks,Sez6"
59,GO:0050769,GO: Biological Process,positive regulation of neurogenesis, ,2.663E-07,0.001276,1.33E-05,0.0001204,26,465,"Dab2ip,Pcp4,Sox10,Sox11,Reln,Snx3,Abl2,Ptn,Serpine2,Ptprd,Metrn,Scn1b,Sema6a,Fgfr1,Baiap2,Vim,Kalrn,Pacsin1,Camk2b,Apoe,Grm5,Lpar1,Nsmf,Aspa,Marcks,Sez6"
61,GO:0030900,GO: Biological Process,forebrain development, ,2.991E-07,0.001433,1.462E-05,0.0001324,24,407,"Dab2ip,Reln,Fabp7,Eomes,Ptn,Tyro3,Nfib,Plcb1,Dlx1,Dlx2,Fgf13,Dclk2,Fgfr1,Cnp,Npy,Atf5,Nrgn,Bcan,Ski,Lpar1,Nr2f2,Th,Bcl11b,Atp2b4"
62,GO:0001504,GO: Biological Process,neurotransmitter uptake, ,4.426E-07,0.002121,1.964E-05,0.0001778,7,28,"Nat8l,Slc38a1,Kcnj10,Glul,Rab3b,Atp1a2,Snca"
63,GO:0006820,GO: Biological Process,anion transport, ,4.54E-07,0.002175,1.974E-05,0.0001787,31,641,"Pcp4,Gabrb2,Nat8l,Slc6a17,Slc7a11,Slc38a1,Kcna2,Kcnj10,Osbpl8,Slc17a7,Fgfr1,Nmb,Rab3a,Rab3b,Slc38a3,Vdac3,Cacnb4,Ppfia2,Ppfia1,Apoe,Cck,Slc6a11,Sfxn5,Slc16a1,Slc20a1,Prkcb,Atp1a2,Snca,Slc4a4,Gabra1,Gabra5"
64,GO:0099531,GO: Biological Process,presynaptic process involved in chemical synaptic transmission, ,4.743E-07,0.002273,2.029E-05,0.0001837,15,173,"Nat8l,Gad1,Lin7c,Cplx2,Nrxn3,Nrxn2,Syn1,Rab3a,Rab3b,Camk2a,Ppfia2,Ppfia1,Grik5,Pip5k1c,Snca"
65,GO:0048709,GO: Biological Process,oligodendrocyte differentiation, ,8.534E-07,0.004089,3.352E-05,0.0003034,11,94,"Sox10,Sox11,Kcnj10,Dlx1,Dlx2,Plp1,Cnp,Vtn,Lpar1,Cd9,Aspa"
66,GO:0010976,GO: Biological Process,positive regulation of neuron projection development, ,9.089E-07,0.004355,3.512E-05,0.0003179,19,286,"Dab2ip,Pcp4,Reln,Snx3,Abl2,Ptn,Serpine2,Ptprd,Metrn,Scn1b,Fgfr1,Baiap2,Kalrn,Pacsin1,Camk2b,Apoe,Lpar1,Marcks,Sez6"
67,GO:0016358,GO: Biological Process,dendrite development, ,1.351E-06,0.006474,4.98E-05,0.0004508,17,239,"Dab2ip,Reln,Abl2,Ptprd,Baiap2,Prex1,Kalrn,Pacsin1,Camk2a,Camk2b,Apoe,Lpar1,Ppp3ca,Nsmf,Dnm3,Marcks,Sez6"
68,GO:0050877,GO: Biological Process,nervous system process, ,3.852E-06,0.01846,0.0001161,0.001051,49,1405,"Gabrb2,Cdkn1b,Reln,Abl2,Abr,Map1a,Gng13,Mbp,Penk,Fabp7,Ptn,Serpine2,Kcna2,Nrxn3,Nrxn2,Scn1b,Kcnj10,Scn3a,Plcb1,Slc17a7,Fgf13,Fgfr1,Rab3a,Vdac3,Col1a1,Dpp6,Cacnb4,Col11a1,Nrgn,Kalrn,Camk4,Camk2b,Grm1,Grm5,Aqp4,S1pr1,Omp,Cck,Th,Ablim1,Igf1,Timp3,Prkar1b,Prkca,Cldn5,Atp1a2,Epas1,Rcan2,Gabra5"
69,GO:0007409,GO: Biological Process,axonogenesis, ,4.533E-06,0.02172,0.0001325,0.001199,24,475,"Reln,Mbp,Dpysl5,Nrxn3,Metrn,Ptpro,Nfib,Scn1b,Fgf13,Sema6a,Kif5b,Baiap2,Rab3a,Cnp,Vim,Kalrn,Apc,Grb2,Apoe,Pip5k1c,Cck,Ablim1,Bcl11b,Prkca"
70,GO:0097061,GO: Biological Process,dendritic spine organization, ,4.571E-06,0.0219,0.0001327,0.001202,8,54,"Reln,Abl2,Baiap2,Kalrn,Camk2b,Apoe,Dnm3,Marcks"
71,GO:0014013,GO: Biological Process,regulation of gliogenesis, ,4.887E-06,0.02342,0.0001394,0.001262,11,112,"Sox10,Sox11,Gpr37l1,Ptn,Serpine2,Dlx1,Dlx2,Vim,Atf5,Ski,Aspa"
72,GO:0007612,GO: Biological Process,learning, ,6.518E-06,0.03123,0.0001755,0.001588,13,162,"Reln,Abl2,Ptn,Nrxn3,Nrxn2,Fgf13,Vdac3,Nrgn,Grm5,Th,Cldn5,Atp1a2,Gabra5"
73,GO:0007269,GO: Biological Process,neurotransmitter secretion, ,6.971E-06,0.03341,0.0001846,0.001671,13,163,"Gad1,Lin7c,Cplx2,Nrxn3,Nrxn2,Syn1,Rab3a,Camk2a,Ppfia2,Ppfia1,Grik5,Pip5k1c,Snca"
74,GO:0099643,GO: Biological Process,signal release from synapse, ,6.971E-06,0.03341,0.0001846,0.001671,13,163,"Gad1,Lin7c,Cplx2,Nrxn3,Nrxn2,Syn1,Rab3a,Camk2a,Ppfia2,Ppfia1,Grik5,Pip5k1c,Snca"
75,GO:0014014,GO: Biological Process,negative regulation of gliogenesis, ,8.151E-06,0.03906,0.0002146,0.001943,7,42,"Sox11,Gpr37l1,Ptn,Dlx1,Dlx2,Atf5,Ski"
76,GO:0061003,GO: Biological Process,positive regulation of dendritic spine morphogenesis, ,8.804E-06,0.04219,0.0002293,0.002075,5,17,"Reln,Baiap2,Kalrn,Camk2b,Marcks"
77,GO:0060999,GO: Biological Process,positive regulation of dendritic spine development, ,9.589E-06,0.04595,0.0002444,0.002213,7,43,"Reln,Baiap2,Kalrn,Camk2b,Apoe,Lpar1,Marcks"
78,GO:0045666,GO: Biological Process,positive regulation of neuron differentiation, ,1.369E-05,0.06562,0.0003382,0.003062,20,376,"Dab2ip,Pcp4,Sox11,Reln,Snx3,Abl2,Ptn,Serpine2,Ptprd,Metrn,Scn1b,Fgfr1,Baiap2,Kalrn,Pacsin1,Camk2b,Apoe,Lpar1,Marcks,Sez6"
79,GO:0060998,GO: Biological Process,regulation of dendritic spine development, ,1.872E-05,0.08973,0.0004377,0.003962,8,65,"Reln,Baiap2,Kalrn,Camk2b,Apoe,Lpar1,Dnm3,Marcks"
80,GO:1990573,GO: Biological Process,potassium ion import across plasma membrane, ,2.177E-05,0.1043,0.000491,0.004444,3,4,"Atp1a1,Atp1a2,Atp1b1"
81,GO:0061001,GO: Biological Process,regulation of dendritic spine morphogenesis, ,2.188E-05,0.1049,0.000491,0.004444,6,33,"Reln,Baiap2,Kalrn,Camk2b,Dnm3,Marcks"
82,GO:0007423,GO: Biological Process,sensory organ development, ,2.291E-05,0.1098,0.0005087,0.004605,26,594,"Gabrb2,Cdkn1b,Sox11,Sparc,Cebpd,Abr,Hmgb1,Slc7a11,Ptn,Slc17a7,Fgfr1,Aldh1a1,Vim,Col11a1,Rcn1,Apc,Ski,Cryab,Th,Bcl11b,Igf1,Igfbp7,Frzb,Hey2,Atp2b4,Gabra5"
83,GO:0035725,GO: Biological Process,sodium ion transmembrane transport, ,2.355E-05,0.1128,0.00052,0.004707,11,132,"Scn1b,Scn3a,Plcb1,Slc17a7,Kif5b,Slc20a1,Atp1a1,Atp1a2,Slc4a4,Atp1b1,Atp2b4"
84,GO:0098810,GO: Biological Process,neurotransmitter reuptake, ,2.731E-05,0.1309,0.0005869,0.005313,5,21,"Nat8l,Kcnj10,Rab3b,Atp1a2,Snca"
85,GO:0048814,GO: Biological Process,regulation of dendrite morphogenesis, ,2.829E-05,0.1356,0.0006025,0.005454,9,89,"Reln,Ptprd,Baiap2,Kalrn,Camk2b,Ppp3ca,Nsmf,Dnm3,Marcks"
86,GO:0090129,GO: Biological Process,positive regulation of synapse maturation, ,2.896E-05,0.1388,0.000614,0.005558,4,11,"Dab2ip,Reln,Nrxn3,Camk2b"
87,GO:0050954,GO: Biological Process,sensory perception of mechanical stimulus, ,3.208E-05,0.1537,0.0006655,0.006024,13,188,"Gabrb2,Cdkn1b,Map1a,Mbp,Serpine2,Fgfr1,Rab3a,Col1a1,Col11a1,Aqp4,Th,Igf1,Gabra5"
88,GO:0060074,GO: Biological Process,synapse maturation, ,3.483E-05,0.1669,0.0007071,0.006401,5,22,"Dab2ip,Reln,Nrxn3,Camk2b,Sez6"
89,GO:0048813,GO: Biological Process,dendrite morphogenesis, ,4.636E-05,0.2222,0.0009031,0.008175,11,142,"Reln,Abl2,Ptprd,Baiap2,Kalrn,Camk2a,Camk2b,Ppp3ca,Nsmf,Dnm3,Marcks"
90,GO:0098655,GO: Biological Process,cation transmembrane transport, ,5.544E-05,0.2657,0.001034,0.009357,29,738,"Atp5mc1,Atp6v1c1,Slc38a1,Kcna2,Kcnb1,Kcnj4,Ahnak,Scn1b,Kcnj10,Scn3a,Plcb1,Slc17a7,Cacna1g,Kif5b,Hspa2,Slc38a3,Dpp6,Cacnb3,Cacnb4,Dpp10,Cav1,Kcnh3,Slc20a1,Atp1a1,Atp1a2,Snca,Slc4a4,Atp1b1,Atp2b4"
91,GO:0045665,GO: Biological Process,negative regulation of neuron differentiation, ,5.661E-05,0.2713,0.001043,0.009444,14,227,"B2m,Mbp,Gpr37l1,Ptpro,Fgf13,Sema6a,Vim,Rap1gap,Cav1,Apoe,Lpar1,Ppp3ca,Dnm3,Sez6"
92,GO:0099504,GO: Biological Process,synaptic vesicle cycle, ,5.925E-05,0.2839,0.001084,0.00981,10,121,"Cplx2,Syn1,Slc17a7,Rab3a,Pacsin1,Sh3gl2,Grik5,Pip5k1c,Th,Snca"
93,GO:0050808,GO: Biological Process,synapse organization, ,6.074E-05,0.291,0.001102,0.009979,15,258,"Dab2ip,Reln,Ptn,Nrxn3,Ptprd,Nrxn2,Rab3a,Cacnb3,Cacnb4,Camk2b,Apoe,Dnm3,Prkca,Snca,Sez6"
94,GO:2001224,GO: Biological Process,positive regulation of neuron migration, ,6.1E-05,0.2923,0.001103,0.009986,4,13,"Dab2ip,Reln,Sema6a,Nsmf"
95,GO:0098662,GO: Biological Process,inorganic cation transmembrane transport, ,6.131E-05,0.2938,0.001105,0.009998,27,667,"Atp5mc1,Atp6v1c1,Kcna2,Kcnb1,Kcnj4,Ahnak,Scn1b,Kcnj10,Scn3a,Plcb1,Slc17a7,Cacna1g,Kif5b,Hspa2,Dpp6,Cacnb3,Cacnb4,Dpp10,Cav1,Kcnh3,Slc20a1,Atp1a1,Atp1a2,Snca,Slc4a4,Atp1b1,Atp2b4"
96,GO:0051588,GO: Biological Process,regulation of neurotransmitter transport, ,7.126E-05,0.3415,0.001232,0.01115,8,78,"Nat8l,Syn1,Rab3a,Rab3b,Camk2a,Grik5,Atp1a2,Snca"
97,GO:0007626,GO: Biological Process,locomotory behavior, ,7.849E-05,0.3761,0.001338,0.01212,14,234,"Gad1,Reln,Penk,Kcnj10,Cnp,Cacnb4,Grm1,Grm5,Th,Atp1a2,Snca,Rcan2,Sez6,Rasd2"
98,GO:0051966,GO: Biological Process,"regulation of synaptic transmission, glutamatergic", ,7.966E-05,0.3817,0.001354,0.01225,7,59,"Reln,Serpine2,Glul,Kalrn,Grm1,Grm5,Atp1a2"
99,GO:0090128,GO: Biological Process,regulation of synapse maturation, ,8.422E-05,0.4036,0.001406,0.01273,4,14,"Dab2ip,Reln,Nrxn3,Camk2b"
100,GO:0010977,GO: Biological Process,negative regulation of neuron projection development, ,8.608E-05,0.4125,0.001427,0.01292,11,152,"B2m,Mbp,Ptpro,Fgf13,Sema6a,Vim,Apoe,Lpar1,Ppp3ca,Dnm3,Sez6"
101,GO:0050775,GO: Biological Process,positive regulation of dendrite morphogenesis, ,9.063E-05,0.4343,0.001487,0.01346,6,42,"Reln,Ptprd,Baiap2,Kalrn,Camk2b,Marcks"
102,GO:0050806,GO: Biological Process,positive regulation of synaptic transmission, ,9.13E-05,0.4375,0.001493,0.01352,11,153,"Nat8l,Reln,Ptn,Serpine2,Glul,Kif5b,Rab3a,Rab3b,Nrgn,Camk2b,Snca"
103,GO:1904062,GO: Biological Process,regulation of cation transmembrane transport, ,9.404E-05,0.4506,0.001533,0.01387,14,238,"Ahnak,Scn1b,Plcb1,Kif5b,Hspa2,Dpp6,Cacnb3,Cacnb4,Dpp10,Cav1,Atp1a2,Snca,Atp1b1,Atp2b4"
104,GO:0060997,GO: Biological Process,dendritic spine morphogenesis, ,0.0001346,0.6449,0.002087,0.01889,6,45,"Reln,Baiap2,Kalrn,Camk2b,Dnm3,Marcks"
106,GO:0051580,GO: Biological Process,regulation of neurotransmitter uptake, ,0.0001489,0.7135,0.002244,0.02031,4,16,"Nat8l,Rab3b,Atp1a2,Snca"
105,GO:0060291,GO: Biological Process,long-term synaptic potentiation, ,0.0001485,0.7115,0.002244,0.02031,7,65,"Reln,Ptn,Serpine2,Rab3a,Nrgn,Camk2b,Snca"
107,GO:0060996,GO: Biological Process,dendritic spine development, ,0.0001548,0.7416,0.002289,0.02072,8,87,"Reln,Baiap2,Kalrn,Camk2b,Apoe,Lpar1,Dnm3,Marcks"
108,GO:0002028,GO: Biological Process,regulation of sodium ion transport, ,0.0001676,0.8034,0.002434,0.02204,8,88,"Serpine2,Scn1b,Plcb1,Kif5b,Atp1a1,Atp1a2,Atp1b1,Atp2b4"
109,GO:0036465,GO: Biological Process,synaptic vesicle recycling, ,0.0001972,0.945,0.002779,0.02516,5,31,"Rab3a,Pacsin1,Sh3gl2,Pip5k1c,Snca"
110,GO:0055080,GO: Biological Process,cation homeostasis, ,0.0002179,1,0.00301,0.02724,26,682,"Atp6v1c1,Abl2,B2m,Hmgb1,Kcnj10,Slc17a7,Cacna1g,Nmb,Gng3,Cacnb3,Cacnb4,Cav1,Apoe,Grm1,S1pr1,Lpar1,Sfxn5,Prkca,Prkcb,Atp1a1,Atp1a2,Snca,Slc4a4,Atp1b1,Atp2b4,Epas1"
111,GO:0030902,GO: Biological Process,hindbrain development, ,0.0002316,1,0.003144,0.02846,11,170,"Trnp1,Abl2,Gpr37l1,Wls,Ptn,Serpine2,Nfib,Atf5,Lpar1,Igf1,Sez6"
112,GO:0021893,GO: Biological Process,cerebral cortex GABAergic interneuron fate commitment, ,0.0003188,1,0.003957,0.03582,2,2,"Dlx1,Dlx2"
6,GO:0007272,GO: Biological Process,ensheathment of neurons, ,0.0003464,1,0.004224,0.03824,9,123,"Mbp,Acsbg1,Kcnj10,Plp1,Ski,Lpar1,Cldn11,Cd9,Cldn5"
7,GO:0008366,GO: Biological Process,axon ensheathment, ,0.0003464,1,0.004224,0.03824,9,123,"Mbp,Acsbg1,Kcnj10,Plp1,Ski,Lpar1,Cldn11,Cd9,Cldn5"
113,GO:0048839,GO: Biological Process,inner ear development, ,0.0003834,1,0.004594,0.04158,12,210,"Gabrb2,Cdkn1b,Sparc,Cebpd,Abr,Fgfr1,Col11a1,Igf1,Igfbp7,Frzb,Hey2,Gabra5"
114,GO:0007613,GO: Biological Process,memory, ,0.0003903,1,0.004641,0.04201,9,125,"Reln,Plcb1,Slc17a7,Fgf13,Kalrn,Camk4,Th,Igf1,Rcan2"
115,GO:0060078,GO: Biological Process,regulation of postsynaptic membrane potential, ,0.0004041,1,0.004758,0.04307,8,100,"Reln,Scn1b,Scn3a,Slc17a7,Grik5,Ppp3ca,Snca,Sez6"
116,GO:1902803,GO: Biological Process,regulation of synaptic vesicle transport, ,0.000407,1,0.004768,0.04316,5,36,"Syn1,Rab3a,Cnih2,Grik5,Snca"
117,GO:0048488,GO: Biological Process,synaptic vesicle endocytosis, ,0.0004565,1,0.005259,0.0476,4,21,"Pacsin1,Sh3gl2,Pip5k1c,Snca"
118,GO:0021772,GO: Biological Process,olfactory bulb development, ,0.0005264,1,0.005949,0.05385,5,38,"Eomes,Dlx2,Fgfr1,Atf5,Ski"
119,GO:0021766,GO: Biological Process,hippocampus development, ,0.0005826,1,0.006508,0.05891,7,81,"Reln,Dlx1,Dlx2,Fgf13,Dclk2,Bcan,Atp2b4"
120,GO:0048489,GO: Biological Process,synaptic vesicle transport, ,0.0006142,1,0.00669,0.06055,9,133,"Cplx2,Syn1,Rab3a,Pacsin1,Cnih2,Sh3gl2,Grik5,Pip5k1c,Snca"
121,GO:0097480,GO: Biological Process,establishment of synaptic vesicle localization, ,0.0006142,1,0.00669,0.06055,9,133,"Cplx2,Syn1,Rab3a,Pacsin1,Cnih2,Sh3gl2,Grik5,Pip5k1c,Snca"
122,GO:0021988,GO: Biological Process,olfactory lobe development, ,0.0006704,1,0.007168,0.06488,5,40,"Eomes,Dlx2,Fgfr1,Atf5,Ski"
123,GO:0021761,GO: Biological Process,limbic system development, ,0.000764,1,0.007976,0.0722,8,110,"Reln,Dlx1,Dlx2,Fgf13,Dclk2,Fgfr1,Bcan,Atp2b4"
8,GO:0021954,GO: Biological Process,central nervous system neuron development, ,0.0007787,1,0.008077,0.07312,7,85,"Nfib,Scn1b,Dclk2,Fgfr1,Npy,Atf5,Prkca"
125,GO:0031630,GO: Biological Process,regulation of synaptic vesicle fusion to presynaptic active zone membrane, ,0.0009283,1,0.009225,0.0835,2,3,"Rab3a,Grik5"
124,GO:0021953,GO: Biological Process,central nervous system neuron differentiation, ,0.0009118,1,0.009225,0.0835,11,200,"Eomes,Nfib,Scn1b,Dlx1,Dlx2,Dclk2,Fgfr1,Npy,Atf5,Bcl11b,Prkca"
10,GO:0030534,GO: Biological Process,adult behavior, ,0.0009285,1,0.009225,0.0835,10,170,"Nrxn3,Nrxn2,Kcnj10,Cnp,Npy,Cacnb4,Kalrn,Atp1a2,Snca,Sez6"
9,GO:0021882,GO: Biological Process,regulation of transcription from RNA polymerase II promoter involved in forebrain neuron fate commitment, ,0.0009283,1,0.009225,0.0835,2,3,"Dlx1,Dlx2"
126,GO:0097479,GO: Biological Process,synaptic vesicle localization, ,0.0009337,1,0.009241,0.08365,9,141,"Cplx2,Syn1,Rab3a,Pacsin1,Cnih2,Sh3gl2,Grik5,Pip5k1c,Snca"
127,GO:0001662,GO: Biological Process,behavioral fear response, ,0.0009391,1,0.009241,0.08365,5,43,"Penk,Vdac3,Kalrn,Cck,Gabra5"
158,GO:0097458,GO: Cellular Component,neuron part, ,2.624E-40,1.409E-37,1.409E-37,9.673E-37,111,1545,"Dab2ip,Pcp4,Dpf1,Kctd12,Gad1,Reln,Glrx5,Cttnbp2,Abl2,Lin7c,Map1a,Kif1a,Cdhr1,Slc6a17,Gng13,Mbp,Penk,Cplx2,Dpysl5,Elovl5,Hmgb1,Gprin1,Wls,Plekhb1,Adcy2,Ncdn,Fabp7,Slc38a1,S100a5,Serpine2,Ap1s1,Kcna2,Nrxn3,Ube2i,Kcnb1,Nrxn2,Ptpro,Arhgef7,Sv2b,Nfib,Pik3r1,Kcnj4,Scn1b,Kcnj10,Scn3a,Glul,Syn1,Slc17a7,Cacna1g,Fgf13,Sema6a,Kif5b,Baiap2,Nmb,Gng3,Rab3a,Rab3b,Prex1,Cnn3,Npy,Vdac3,Vim,Dpp6,Rap1gap,Rbfox3,Nrgn,Kalrn,Pacsin1,Camk2a,Camk2b,Ppfia2,Ppfia1,Cnih2,Atcay,Dlgap4,Apc,Gria3,Bcan,Cpe,Grik5,Ahcyl2,Apod,Apoe,Grm1,Grm5,Pip5k1c,Arpc5,Lpar1,Omp,Rgs12,Cck,Cryab,Slc6a11,Th,Ablim1,Bcl11b,Igf1,Arrb1,Nsmf,Dnm3,Prkca,Smarcd1,Cldn5,Atp1a1,Atp1a2,Nrsn1,Snca,Atp2b4,Marcks,Sez6,Gabra5"
159,GO:0043005,GO: Cellular Component,neuron projection, ,4.37E-32,2.347E-29,1.173E-29,8.055E-29,88,1194,"Dab2ip,Pcp4,Gad1,Reln,Glrx5,Cttnbp2,Abl2,Lin7c,Kif1a,Gng13,Mbp,Penk,Cplx2,Dpysl5,Elovl5,Hmgb1,Gprin1,Wls,Adcy2,Ncdn,Slc38a1,Ap1s1,Kcna2,Ube2i,Kcnb1,Ptpro,Arhgef7,Sv2b,Nfib,Pik3r1,Kcnj4,Scn1b,Scn3a,Glul,Syn1,Slc17a7,Cacna1g,Fgf13,Sema6a,Kif5b,Baiap2,Nmb,Gng3,Rab3a,Prex1,Cnn3,Npy,Vim,Rap1gap,Nrgn,Kalrn,Pacsin1,Camk2a,Camk2b,Cnih2,Atcay,Dlgap4,Apc,Gria3,Bcan,Cpe,Grik5,Ahcyl2,Apod,Apoe,Grm1,Grm5,Arpc5,Lpar1,Omp,Rgs12,Cck,Cryab,Slc6a11,Th,Bcl11b,Arrb1,Nsmf,Dnm3,Prkca,Cldn5,Atp1a2,Nrsn1,Snca,Atp2b4,Marcks,Sez6,Gabra5"
160,GO:0036477,GO: Cellular Component,somatodendritic compartment, ,7.644E-27,4.105E-24,1.368E-24,9.393E-24,69,867,"Dab2ip,Reln,Glrx5,Cttnbp2,Abl2,Kif1a,Gng13,Mbp,Penk,Cplx2,Dpysl5,Elovl5,Wls,Adcy2,Ncdn,Fabp7,S100a5,Serpine2,Kcna2,Ube2i,Kcnb1,Ptpro,Arhgef7,Kcnj4,Scn3a,Glul,Syn1,Cacna1g,Fgf13,Baiap2,Gng3,Prex1,Cnn3,Npy,Dpp6,Rap1gap,Rbfox3,Nrgn,Kalrn,Camk2a,Camk2b,Cnih2,Atcay,Dlgap4,Apc,Gria3,Bcan,Cpe,Grik5,Apod,Apoe,Grm1,Grm5,Lpar1,Omp,Rgs12,Cck,Cryab,Th,Igf1,Arrb1,Nsmf,Dnm3,Prkca,Atp1a2,Nrsn1,Marcks,Sez6,Gabra5"
161,GO:0045202,GO: Cellular Component,synapse, ,5.484E-26,2.945E-23,7.362E-24,5.053E-23,68,870,"Gabrb2,Kctd12,Gad1,Cttnbp2,Abl2,Lin7c,Map1a,Slc6a17,Penk,Cplx2,Ptn,Serpine2,Ap1s1,Kcna2,Nrxn3,Ube2i,Kcnb1,Nrxn2,Ptpro,Sv2b,Kcnj4,Kcnj10,Syn1,Slc17a7,Sparcl1,Baiap2,Gng3,Rab3a,Rab3b,Cnn3,Npy,Vdac3,Cacnb4,Nrgn,Kalrn,Pacsin1,Camk2a,Camk2b,Ppfia2,Ppfia1,Cnih2,Atcay,Dlgap4,Apc,Gria3,Bcan,Cpe,Grik5,Grm1,Grm5,Pip5k1c,Lpar1,Rgs12,Cck,Cryab,Th,Ablim1,Arrb1,Ppp3ca,Nsmf,Dnm3,Atp1a1,Atp1a2,Snca,Marcks,Gabra1,Sez6,Gabra5"
162,GO:0030425,GO: Cellular Component,dendrite, ,7.862E-24,4.222E-21,8.444E-22,5.796E-21,54,590,"Dab2ip,Reln,Glrx5,Cttnbp2,Abl2,Gng13,Penk,Cplx2,Dpysl5,Elovl5,Wls,Adcy2,Ncdn,Kcna2,Ube2i,Kcnb1,Ptpro,Kcnj4,Syn1,Cacna1g,Fgf13,Baiap2,Gng3,Prex1,Cnn3,Rap1gap,Nrgn,Camk2a,Camk2b,Cnih2,Atcay,Dlgap4,Apc,Gria3,Bcan,Cpe,Grik5,Apod,Apoe,Grm1,Grm5,Lpar1,Rgs12,Cck,Cryab,Th,Arrb1,Nsmf,Dnm3,Prkca,Atp1a2,Marcks,Sez6,Gabra5"
163,GO:0044456,GO: Cellular Component,synapse part, ,2.224E-22,1.194E-19,1.991E-20,1.366E-19,57,708,"Gabrb2,Kctd12,Gad1,Cttnbp2,Abl2,Lin7c,Map1a,Slc6a17,Cplx2,Ap1s1,Kcna2,Nrxn3,Kcnb1,Nrxn2,Ptpro,Sv2b,Kcnj4,Kcnj10,Syn1,Slc17a7,Baiap2,Gng3,Rab3a,Rab3b,Cnn3,Npy,Vdac3,Nrgn,Kalrn,Pacsin1,Camk2a,Camk2b,Ppfia2,Ppfia1,Cnih2,Gria3,Cpe,Grik5,Grm1,Grm5,Pip5k1c,Lpar1,Cck,Cryab,Th,Ablim1,Arrb1,Ppp3ca,Nsmf,Dnm3,Atp1a1,Atp1a2,Snca,Marcks,Gabra1,Sez6,Gabra5"
164,GO:0043025,GO: Cellular Component,neuronal cell body, ,8.069E-20,4.333E-17,6.19E-18,4.249E-17,50,616,"Dab2ip,Reln,Glrx5,Kif1a,Mbp,Penk,Cplx2,Dpysl5,Elovl5,Ncdn,Fabp7,S100a5,Serpine2,Kcna2,Kcnb1,Arhgef7,Kcnj4,Scn3a,Glul,Cacna1g,Baiap2,Cnn3,Npy,Dpp6,Rap1gap,Rbfox3,Nrgn,Kalrn,Camk2a,Camk2b,Dlgap4,Apc,Gria3,Cpe,Grik5,Apod,Apoe,Grm1,Lpar1,Omp,Rgs12,Cck,Cryab,Th,Igf1,Nsmf,Prkca,Nrsn1,Sez6,Gabra5"
165,GO:0030424,GO: Cellular Component,axon, ,1.602E-17,8.603E-15,9.559E-16,6.561E-15,45,567,"Dab2ip,Pcp4,Gad1,Reln,Kif1a,Mbp,Penk,Cplx2,Ncdn,Slc38a1,Ap1s1,Kcna2,Kcnb1,Ptpro,Sv2b,Nfib,Scn1b,Scn3a,Glul,Syn1,Slc17a7,Fgf13,Sema6a,Kif5b,Rab3a,Npy,Vim,Rap1gap,Nrgn,Pacsin1,Camk2a,Atcay,Apc,Gria3,Grik5,Grm1,Omp,Cck,Cryab,Th,Dnm3,Prkca,Cldn5,Snca,Marcks"
166,GO:0098794,GO: Cellular Component,postsynapse, ,4.531E-15,2.433E-12,2.212E-13,1.518E-12,37,449,"Gabrb2,Kctd12,Cttnbp2,Abl2,Lin7c,Map1a,Kcnb1,Ptpro,Kcnj4,Syn1,Slc17a7,Baiap2,Gng3,Cnn3,Nrgn,Kalrn,Camk2a,Camk2b,Cnih2,Gria3,Grik5,Grm1,Grm5,Lpar1,Cryab,Ablim1,Arrb1,Ppp3ca,Nsmf,Dnm3,Atp1a1,Atp1a2,Snca,Marcks,Gabra1,Sez6,Gabra5"
167,GO:0098793,GO: Cellular Component,presynapse, ,2.203E-12,1.183E-09,9.857E-11,6.766E-10,29,341,"Kctd12,Gad1,Cttnbp2,Lin7c,Slc6a17,Cplx2,Ap1s1,Kcna2,Nrxn3,Nrxn2,Sv2b,Kcnj10,Syn1,Slc17a7,Rab3a,Rab3b,Npy,Vdac3,Pacsin1,Camk2a,Ppfia2,Ppfia1,Gria3,Grik5,Grm1,Pip5k1c,Cck,Th,Snca"
168,GO:0060076,GO: Cellular Component,excitatory synapse, ,6.636E-10,3.563E-07,2.741E-08,1.882E-07,22,252,"Lin7c,Map1a,Syn1,Slc17a7,Baiap2,Gng3,Cnn3,Nrgn,Kalrn,Camk2a,Camk2b,Cnih2,Gria3,Grik5,Grm1,Grm5,Cryab,Ablim1,Arrb1,Nsmf,Dnm3,Atp1a1"
169,GO:0099572,GO: Cellular Component,postsynaptic specialization, ,8.478E-10,4.553E-07,3.035E-08,2.083E-07,21,232,"Lin7c,Map1a,Syn1,Baiap2,Gng3,Cnn3,Nrgn,Kalrn,Camk2a,Camk2b,Cnih2,Gria3,Grik5,Grm1,Grm5,Cryab,Ablim1,Arrb1,Nsmf,Dnm3,Atp1a1"
170,GO:0014069,GO: Cellular Component,postsynaptic density, ,8.478E-10,4.553E-07,3.035E-08,2.083E-07,21,232,"Lin7c,Map1a,Syn1,Baiap2,Gng3,Cnn3,Nrgn,Kalrn,Camk2a,Camk2b,Cnih2,Gria3,Grik5,Grm1,Grm5,Cryab,Ablim1,Arrb1,Nsmf,Dnm3,Atp1a1"
171,GO:0033267,GO: Cellular Component,axon part, ,1.178E-09,6.323E-07,3.72E-08,2.553E-07,24,309,"Dab2ip,Gad1,Kif1a,Mbp,Penk,Cplx2,Ap1s1,Kcna2,Sv2b,Scn1b,Glul,Syn1,Kif5b,Rab3a,Npy,Pacsin1,Apc,Gria3,Grik5,Cck,Th,Cldn5,Snca,Marcks"
172,GO:0043197,GO: Cellular Component,dendritic spine, ,1.283E-09,6.888E-07,3.729E-08,2.56E-07,17,151,"Cttnbp2,Abl2,Ptpro,Baiap2,Cnn3,Nrgn,Cnih2,Gria3,Grm1,Grm5,Lpar1,Cryab,Arrb1,Dnm3,Atp1a2,Marcks,Sez6"
173,GO:0044309,GO: Cellular Component,neuron spine, ,1.574E-09,8.453E-07,4.025E-08,2.763E-07,17,153,"Cttnbp2,Abl2,Ptpro,Baiap2,Cnn3,Nrgn,Cnih2,Gria3,Grm1,Grm5,Lpar1,Cryab,Arrb1,Dnm3,Atp1a2,Marcks,Sez6"
174,GO:0098589,GO: Cellular Component,membrane region, ,2.594E-09,1.393E-06,6.333E-08,4.347E-07,53,1267,"Gabrb2,Kctd12,Lin7c,Cdhr1,Wls,Adcy2,S100a10,Jup,Ap1s1,Kcna2,Kcnb1,Nrxn2,Ptpro,Kcnj4,Ahnak,Kcnj10,Slc38a3,Cacnb3,Pacsin1,Camk2a,Cnih2,Apc,Gria3,Efhd2,Lamp2,Cpe,Sorbs1,Grik5,Cav1,Cav2,Grm1,Pip5k1c,Serpinh1,Aqp4,S1pr1,Cryab,Rhoq,Arrb1,Nsmf,Igfbp2,Cd9,Prkca,Plekha1,Prkcb,Cldn5,Ctnna1,Atp1a1,Atp1a2,Slc4a4,Atp1b1,Atp2b4,Gabra1,Gabra5"
175,GO:0044306,GO: Cellular Component,neuron projection terminus, ,1.409E-08,7.566E-06,2.91E-07,1.997E-06,18,199,"Gad1,Penk,Cplx2,Ap1s1,Kcna2,Sv2b,Glul,Syn1,Rab3a,Npy,Pacsin1,Apc,Gria3,Grik5,Cck,Th,Snca,Marcks"
176,GO:0043209,GO: Cellular Component,myelin sheath, ,1.781E-08,9.562E-06,3.541E-07,2.431E-06,18,202,"Mbp,Phgdh,Glul,Plcb1,Syn1,Hspa2,Plp1,Cnp,Sept4,Pacsin1,Prxl2b,Cryab,Actr1a,Cldn11,Cldn5,Atp1a1,Atp1a2,Atp1b1"
177,GO:0043204,GO: Cellular Component,perikaryon, ,2.91E-08,1.563E-05,5.384E-07,3.695E-06,15,142,"Reln,Penk,Kcna2,Kcnb1,Glul,Npy,Rbfox3,Camk2b,Gria3,Cpe,Grik5,Cck,Cryab,Th,Nsmf"
178,GO:0043679,GO: Cellular Component,axon terminus, ,3.064E-08,1.645E-05,5.384E-07,3.695E-06,17,186,"Gad1,Penk,Cplx2,Ap1s1,Kcna2,Sv2b,Glul,Syn1,Rab3a,Npy,Pacsin1,Gria3,Grik5,Cck,Th,Snca,Marcks"
179,GO:0043195,GO: Cellular Component,terminal bouton, ,6.138E-07,0.0003296,9.695E-06,6.655E-05,12,112,"Cplx2,Ap1s1,Sv2b,Syn1,Rab3a,Npy,Pacsin1,Gria3,Grik5,Cck,Th,Snca"
180,GO:0097060,GO: Cellular Component,synaptic membrane, ,5.542E-06,0.002976,7.832E-05,0.0005376,18,298,"Gabrb2,Kctd12,Lin7c,Kcna2,Kcnb1,Nrxn2,Kcnj4,Camk2a,Cnih2,Gria3,Cpe,Grik5,Grm1,Cryab,Arrb1,Nsmf,Gabra1,Gabra5"
181,GO:0034702,GO: Cellular Component,ion channel complex, ,1.558E-05,0.008367,0.0002041,0.001401,17,291,"Gabrb2,Kcna2,Kcnb1,Kcnj4,Scn1b,Scn3a,Cacna1g,Hspa2,Dpp6,Cacnb3,Cacnb4,Dpp10,Cnih2,Gria3,Grik5,Gabra1,Gabra5"
182,GO:0045211,GO: Cellular Component,postsynaptic membrane, ,0.0001733,0.09305,0.001625,0.01116,13,225,"Gabrb2,Kctd12,Lin7c,Kcnb1,Kcnj4,Cnih2,Gria3,Grik5,Grm1,Arrb1,Nsmf,Gabra1,Gabra5"
183,GO:0008021,GO: Cellular Component,synaptic vesicle, ,0.0004271,0.2294,0.003385,0.02323,10,156,"Cttnbp2,Slc6a17,Sv2b,Syn1,Slc17a7,Rab3a,Rab3b,Vdac3,Th,Snca"
184,GO:0048786,GO: Cellular Component,presynaptic active zone, ,0.0004349,0.2336,0.003385,0.02323,5,37,"Gad1,Syn1,Slc17a7,Ppfia2,Ppfia1"
185,GO:0043198,GO: Cellular Component,dendritic shaft, ,0.0006153,0.3304,0.004635,0.03181,6,60,"Prex1,Cnih2,Gria3,Grm5,Lpar1,Sez6"
186,GO:0005890,GO: Cellular Component,sodium:potassium-exchanging ATPase complex, ,0.0007857,0.4219,0.005625,0.03861,3,11,"Atp1a1,Atp1a2,Atp1b1"
187,GO:0097449,GO: Cellular Component,astrocyte projection, ,0.001327,0.7126,0.008907,0.06114,3,13,"Kcnj10,Glul,Grm5"
188,GO:0032809,GO: Cellular Component,neuronal cell body membrane, ,0.001539,0.8263,0.009956,0.06834,4,29,"Dab2ip,Kcna2,Kcnb1,Gabra5"
0,GO:0015081,GO: Molecular Function,sodium ion transmembrane transporter activity, ,3.228E-05,0.03086,0.003429,0.02551,11,136,"Slc6a17,Slc38a1,Scn1b,Scn3a,Slc17a7,Slc6a11,Slc20a1,Atp1a1,Atp1a2,Slc4a4,Atp1b1"
194,1268763,Pathway,Neuronal System,BioSystems: REACTOME,3.538E-19,5.852E-16,5.852E-16,4.675E-15,39,351,"Gabrb2,Gad1,Lin7c,Gng13,Adcy2,Slc38a1,Kcna2,Nrxn3,Ptprd,Kcnb1,Nrxn2,Kcnj4,Kcnj10,Glul,Plcb1,Syn1,Slc17a7,Gng3,Gng4,Rab3a,Aldh5a1,Cacnb3,Cacnb4,Camk4,Camk2a,Camk2b,Ppfia2,Ppfia1,Dlgap4,Gria3,Grik5,Grm1,Grm5,Kcnh3,Slc6a11,Prkca,Prkcb,Gabra1,Gabra5"
195,377263,Pathway,GABAergic synapse,BioSystems: KEGG,1.107E-10,1.832E-07,6.106E-08,4.878E-07,15,88,"Gabrb2,Gad1,Gng13,Adcy2,Slc38a1,Glul,Gng3,Gng4,Slc38a3,Slc6a11,Prkca,Prkcb,Trak2,Gabra1,Gabra5"
196,213818,Pathway,Glutamatergic synapse,BioSystems: KEGG,5.31E-10,8.782E-07,2.196E-07,1.754E-06,16,114,"Gng13,Adcy2,Slc38a1,Glul,Plcb1,Slc17a7,Gng3,Gng4,Slc38a3,Gria3,Grik5,Grm1,Grm5,Ppp3ca,Prkca,Prkcb"
197,1268786,Pathway,Neurotransmitter Receptor Binding And Downstream Transmission In The  Postsynaptic Cell,BioSystems: REACTOME,3.224E-09,5.332E-06,1.066E-06,8.52E-06,17,147,"Gabrb2,Gng13,Adcy2,Kcnj4,Kcnj10,Plcb1,Gng3,Gng4,Camk4,Camk2a,Camk2b,Gria3,Grik5,Prkca,Prkcb,Gabra1,Gabra5"
198,1270303,Pathway,Axon guidance,BioSystems: REACTOME,2.938E-07,0.000486,6.943E-05,0.0005546,30,554,"Dab2ip,Abl2,Dpysl5,Psmd2,Arhgef7,Pik3r1,Scn1b,Scn3a,Cacna1g,Sema6a,Fgfr1,Cacnb3,Cacnb4,Rap1gap,Rasa1,Kalrn,Camk2a,Camk2b,Sh3gl2,Dusp8,Grb2,Rasgef1a,Pip5k1c,Ablim3,Arpc5,Rhoc,Ablim1,Arrb1,Dnm3,Prkca"
199,1268768,Pathway,Neurotransmitter Release Cycle,BioSystems: REACTOME,4.755E-07,0.0007866,9.832E-05,0.0007854,9,51,"Gad1,Lin7c,Syn1,Slc17a7,Rab3a,Aldh5a1,Ppfia2,Ppfia1,Slc6a11"
200,217716,Pathway,Cholinergic synapse,BioSystems: KEGG,1.61E-06,0.002662,0.0002442,0.001951,12,112,"Gng13,Adcy2,Pik3r1,Kcnj4,Plcb1,Gng3,Gng4,Camk4,Camk2a,Camk2b,Prkca,Prkcb"
201,83085,Pathway,Long-term potentiation,BioSystems: KEGG,5.112E-06,0.008455,0.0005713,0.004564,9,67,"Plcb1,Camk4,Camk2a,Camk2b,Grm1,Grm5,Ppp3ca,Prkca,Prkcb"
202,469199,Pathway,Dopaminergic synapse,BioSystems: KEGG,7.736E-06,0.0128,0.0006628,0.005295,12,130,"Gng13,Plcb1,Kif5b,Gng3,Gng4,Camk2a,Camk2b,Gria3,Th,Ppp3ca,Prkca,Prkcb"
203,1268813,Pathway,GABA receptor activation,BioSystems: REACTOME,1.085E-05,0.01794,0.0007177,0.005734,8,56,"Gabrb2,Adcy2,Kcnj4,Kcnj10,Gng3,Gng4,Gabra1,Gabra5"
204,1268772,Pathway,Dopamine Neurotransmitter Release Cycle,BioSystems: REACTOME,6.468E-05,0.107,0.002377,0.01899,5,23,"Lin7c,Syn1,Rab3a,Ppfia2,Ppfia1"
205,1268770,Pathway,Serotonin Neurotransmitter Release Cycle,BioSystems: REACTOME,0.0003331,0.551,0.006341,0.05065,4,18,"Syn1,Rab3a,Ppfia2,Ppfia1"
206,1268774,Pathway,"GABA synthesis, release, reuptake and degradation",BioSystems: REACTOME,0.0004156,0.6874,0.007014,0.05603,4,19,"Gad1,Rab3a,Aldh5a1,Slc6a11"
207,P05731,Pathway,GABA-B receptor II signaling,PantherDB,0.0005908,0.9772,0.009133,0.07296,5,36,"Adcy2,Cacna1g,Gng3,Gng4,Prkar1b"
